[
{"name": "Lalitha Speech & Hearing Clinics", "address": "D.No-10-9-5,Old Palnadu Busstand, Narasaraopet", "state": "Andhra Pradesh", "country": "IN", "postalCode": "522601", "contactPhone": "919248925999"},
{"name": "Sri Lahari Speech & Hearing Clinic", "address": "Sathyanarayana Puram,Ongole, Ongole", "state": "Andhra Pradesh", "country": "IN", "postalCode": "523002", "contactPhone": "918340045999"},
{"name": "Sanjay Hearing Clinic", "address": "#12-12-47, Opp. Sai Bhaskar Hospital,Kothapet, Guntur", "state": "Andhra Pradesh", "country": "IN", "postalCode": "522001", "contactPhone": "919440457987"},
{"name": "Gayathri Speech And Hearing Clinic", "address": "Near fortune srikanya hotel and Kotak Mahendra Bank,Diamond Park Road , Dondaparty, Guntur", "state": "Andhra Pradesh", "country": "IN", "postalCode": "522001", "contactPhone": "919885586132"},
{"name": "Snehil Speech & Hearing Centre", "address": "R Sirisha 9-4-89,Ralipet3rd Lane, Guntur", "state": "Andhra Pradesh", "country": "IN", "postalCode": "522001", "contactPhone": "919849500342"},
{"name": "Amaravathi Speech & Hearing Centre", "address": "No-66,Kothapeta,, Guntur", "state": "Andhra Pradesh", "country": "IN", "postalCode": "522001", "contactPhone": "918498977716"},
{"name": "SRAVANALAYA SPEECH & HEARING INSTITUTE", "address": "Potturivari Thota,Near Oxford School, BSNL Office Line, Kothapeta,, Guntur", "state": "Andhra Pradesh", "country": "IN", "postalCode": "522001", "contactPhone": "919493922665"},
{"name": "Taranga Speech and Hearing Clinic", "address": "7-5-41/2, Prakasham Road, Opp Petrol Bunk, Beside Andhra Bank ATM,, Tenali", "state": "Andhra Pradesh", "country": "IN", "postalCode": "522201", "contactPhone": "9247346680"},
{"name": "Siva Shakti Hearing Aid Distributors", "address": "D No. 29-19-40,Dornakal road,  Nr Endo Care Hospital, Vijayawada", "state": "Andhra Pradesh", "country": "IN", "postalCode": "520002", "contactPhone": "918662438006"},
{"name": "SATYA HEARING & SPEECH SOLUTION", "address": "Wonder World Multispeciality Hospital,Suryaraopet, Vijaywada", "state": "Andhra Pradesh", "country": "IN", "postalCode": "520002", "contactPhone": "918328391989"},
{"name": "HEAR", "address": "Chiring Chapori,c/o. Sinanta Kumar Goswami, ,R.K. Bardoloi lane, Dibrugarh", "state": "Arunachal Pradesh", "country": "IN", "postalCode": "786001", "contactPhone": "919706036071"},
{"name": "Speech And Hearing Care Pvt Ltd", "address": "Begusarai, Begusarai", "state": "Bihar", "country": "IN", "postalCode": "", "contactPhone": "9771420304"},
{"name": "Speech And Hearing Care Pvt Ltd", "address": "Samastipur, Samastipur", "state": "Bihar", "country": "IN", "postalCode": "", "contactPhone": "9771420304"},
{"name": "Speech And Hearing Care Pvt Ltd", "address": "A/179 People Co-Operative, P.C, Colony, Po - Lohiyanagar, Kankarbagh, Patna", "state": "Bihar", "country": "IN", "postalCode": "803020", "contactPhone": "9771420304"},
{"name": "Speech And Hearing Care Pvt Ltd", "address": "Chapra, Chapra", "state": "Bihar", "country": "IN", "postalCode": "", "contactPhone": "9771420304"},
{"name": "Speech & Hearing Care Pvt Ltd - Patna (Repair & Acce)", "address": "House no. 18/Z,Rajendernagar, Begusarai", "state": "Bihar", "country": "IN", "postalCode": "851101", "contactPhone": "917301705250"},
{"name": "Speech & Hearing Care Pvt Ltd - Patna (HI)", "address": "House no. 18/Z,Rajendernagar, Begusarai", "state": "Bihar", "country": "IN", "postalCode": "851101", "contactPhone": "917301705250"},
{"name": "Sri Sai Seva Sansthah, Speech & Hearing Clinic", "address": "Lalbagh,Near Rpse Public School, Opp-Bank of India, Darbhanga Dist", "state": "Bihar", "country": "IN", "postalCode": "846004", "contactPhone": "919570406959"},
{"name": "Swar Speech & Hearing Center - Rajkot", "address": "Pandya ENT Hospital,Near Chowdhary High School, Bihar", "state": "Bihar", "country": "IN", "postalCode": "803101", "contactPhone": "919099363936"},
{"name": "Shree Speech & Hearing Clinic", "address": "Bhaishasur chowk, near suriya clinic,0, Bihar", "state": "Bihar", "country": "IN", "postalCode": "803101", "contactPhone": "919368838710"},
{"name": "Advance speech and hearing clinic, Muzzafarpur", "address": "Juran Chhapra Rd Number 1, in front of tansformer, Juran Chapra, Brahmapura, Muzaffarpur, Muzzafarpur", "state": "Bihar", "country": "", "postalCode": "842001", "contactPhone": "8826256347"},
{"name": "Anant Speech and Hearing Clinic", "address": "C124,Sector1  Devendra Nagar  Near Guru Medical Shop, Raipur", "state": "Chhattisgarh", "country": "IN", "postalCode": "492001", "contactPhone": "919301241993"},
{"name": "Rajkishor Mishra", "address": "B-9, Behind Shyam Plaza,Ravi Nagar, Raipur", "state": "Chhattisgarh", "country": "IN", "postalCode": "492001", "contactPhone": "919826777297"},
{"name": "Sharon Speech & Hearing Clinic", "address": "Near bhatiya Hospital,Ravi Nagar, Rajatalab,, Raipur", "state": "Chhattisgarh", "country": "IN", "postalCode": "492001", "contactPhone": "918962228041"},
{"name": "Total Care Speech & Hearing CentreRaipur", "address": "Khushboo Pandy  Chiman Plaza,Near Tatya Para Chowk, Raipur", "state": "Chhattisgarh", "country": "IN", "postalCode": "492001", "contactPhone": "919039629079"},
{"name": "Pioneer Speech & Hearing Centre", "address": "Opp Hotel Amit Regency  Near Manthralya Get,A6 Moder Complex, Raipur", "state": "Chhattisgarh", "country": "IN", "postalCode": "492001", "contactPhone": "919009210943"},
{"name": "Jaulkar ENT Hospital", "address": "Kankalipara road, Raipur", "state": "Chhattisgarh", "country": "IN", "postalCode": "492001", "contactPhone": "919827960765"},
{"name": "Clarity Hearing Care Services (Raipur)", "address": "20 / A, BSP Area,Opp DPS School Risali, Bhilai,, Raipur", "state": "Chhattisgarh", "country": "IN", "postalCode": "492001", "contactPhone": "918223880028"},
{"name": "Muskan Hearing Solutions - Raipur", "address": "Above Laxmi Medical Hall,Opposite Ambedkar Hospital, Raipur", "state": "Chhattisgarh", "country": "IN", "postalCode": "492001", "contactPhone": "919039036600"},
{"name": "Arpan Clinic Speech & Hearing Care", "address": "5th Floor Jaistambh Chowk,Ravi Bhavan,Office no - 519 -C, Raipur", "state": "Chhattisgarh", "country": "IN", "postalCode": "492011", "contactPhone": "919770214714"},
{"name": "Hearing Care Clinic", "address": "Manisha Mansion 37743,Opp Chattisgarh College  Civil Lines, Raipur", "state": "Chhattisgarh", "country": "IN", "postalCode": "492001", "contactPhone": ""},
{"name": "Nadia Vas Falcao", "address": "Margoa,Shop no -3,Sincro Hotel, Next to PWD Fatorda, Goa", "state": "Goa", "country": "IN", "postalCode": "403602", "contactPhone": "917507389703"},
{"name": "Dr Subhashchandra Ent Clinic", "address": "ENT Clinic 5 1st Floor Hira Niketan Bldg,Near Loyala High  Opp Monginis, Comba Margao", "state": "Goa", "country": "IN", "postalCode": "403601", "contactPhone": "919226631999"},
{"name": "Nooranis Speakwell Hearwell Clinic", "address": "Shop No: 109,RD Lotus Towers, MARGAOGOA", "state": "Goa", "country": "IN", "postalCode": "403601", "contactPhone": "919422438799"},
{"name": "Sound Hearing Aid Center", "address": "210, Reliance magnum, Opp KTC Bus stand, Margao, Goa, Margao", "state": "Goa", "country": "IN", "postalCode": "403601", "contactPhone": "9822154662"},
{"name": "Sound Hearing Center", "address": "G – 10, Osia Mall, Beside KTC Bus Stand,, Margao", "state": "Goa", "country": "IN", "postalCode": "403601", "contactPhone": ""},
{"name": "Healthway Hospitals Pvt Ltd.", "address": "Panjeem,Kedamba Plateue,Ellavillage, Old Goa, Goa", "state": "Goa", "country": "IN", "postalCode": "403402", "contactPhone": "918668331655"},
{"name": "Shalini Shashank", "address": "Sound Hearing Care 708 Gera ImperiumI,Patto Plaza, Panaji", "state": "Goa", "country": "IN", "postalCode": "403001", "contactPhone": "919822154662"},
{"name": "Sound Hearing Aid Center", "address": "708, Gera Imperium - I, Patto Plaza,, Panjim", "state": "Goa", "country": "IN", "postalCode": "403001", "contactPhone": "8322437266"},
{"name": "Clear Tone Hearing Aid Center", "address": "2nd Floor, Angod Mapuca,Above Axis Bank,Edcon Center, Goa", "state": "Goa", "country": "IN", "postalCode": "403507", "contactPhone": "9747941588"},
{"name": "Sri Sai ENT & Dental Clinic", "address": "Ground Floor,, Karwar", "state": "Goa", "country": "IN", "postalCode": "581301", "contactPhone": "918382201724"},
{"name": "Dhvani Speech & Hearing Clinic", "address": "7, Pashwadarshem Complex,Nr. Nutan Mart Line, Surendernagar", "state": "Gujarat", "country": "IN", "postalCode": "363002", "contactPhone": "917874120093"},
{"name": "K.L. Institute", "address": "51, Vidya Nagar,, Bhavnagar", "state": "Gujarat", "country": "IN", "postalCode": "364002", "contactPhone": "0278 2420836"},
{"name": "Globe Optician", "address": "Mr ARSuryavashi 1095,Opp Mahanager Palika, Rajkot", "state": "Gujarat", "country": "IN", "postalCode": "360002", "contactPhone": "919822977775"},
{"name": "Smile Care Speech & Hearing Clinic", "address": "Showroom No.29/30, 3rd Floor,Showroom No.29/30, 3rd Floor,Dhebar road, Rajkot Bus Port,, Rajkot", "state": "Gujarat", "country": "IN", "postalCode": "360001", "contactPhone": "9426449012"},
{"name": "BRIJESH YADAV", "address": "OFFICE NO 209/210,, MORABI", "state": "Gujarat", "country": "IN", "postalCode": "360001", "contactPhone": "919510381834"},
{"name": "PRADEEP KUMAR SONWANI", "address": "Shop no-104,Digvijay Plot Corner,, Rajkot", "state": "Gujarat", "country": "IN", "postalCode": "360001", "contactPhone": "917405907302"},
{"name": "My Sound Centers", "address": "101, Holiday Corporate Centre, Opp. Kotecha girls high school, Kotecha Nagar Main Rd, Rajkot, Gujarat 360001, Rajkot", "state": "Gujarat", "country": "IN", "postalCode": "360001", "contactPhone": "9638000285"},
{"name": "SAURASHTRA AUDIOLOGICAL HG CTR", "address": "Opp Dr P R Singh Hospital,102 Gurukrupa Tower,Near Moti Tanki, Rajko", "state": "Gujarat", "country": "IN", "postalCode": "360001", "contactPhone": "919426216878"},
{"name": "Global Speech & Hearing", "address": "301 3rd Floor Gye Line,Opp Milestone Hospital  Vidya Nagar Main Road, Rajkot", "state": "Gujarat", "country": "IN", "postalCode": "360002", "contactPhone": "9426317669"},
{"name": "SoundLife  Speech & hearing Clinic", "address": "Ground floor, Credit corner complex, nr gaurav dress, opp pratik complex, 20/25 corner new jagnath plot Rajkot- 360001, Rajkot", "state": "Gujarat", "country": "IN", "postalCode": "360001", "contactPhone": "9879151586"},
{"name": "Nanda Hearing Aid Centre", "address": "Shop No.-  44W, Near Guptal Neonatal, Hisar", "state": "Haryana", "country": "IN", "postalCode": "125001", "contactPhone": "7027200900"},
{"name": "Umang Speech & Hearing Solutions", "address": "UG 6, Silver Sachora Costle,South Tukognj,, Rohtak", "state": "Haryana", "country": "IN", "postalCode": "124001", "contactPhone": "919977563450"},
{"name": "Orthocare India", "address": "First Floor,Rohtak, Rohtak", "state": "Haryana", "country": "IN", "postalCode": "124001", "contactPhone": "919468185180"},
{"name": "Hearing Healthcare Clinic", "address": "Shree Ram Market, Company Bagh Road, Near Wonder mall, Alwar, Alwar", "state": "Haryana", "country": "IN", "postalCode": "301001", "contactPhone": "9828214441"},
{"name": "Jai Maa Enterprises", "address": "Shop no - 15,Sector - 02,, Panchkula", "state": "Haryana", "country": "IN", "postalCode": "124109", "contactPhone": "919915006670"},
{"name": "Speech, Hearing & Vertigo Clinic", "address": "622, City Center Mall,, Sonipat", "state": "Haryana", "country": "IN", "postalCode": "131001", "contactPhone": "917597207989"},
{"name": "Earbeats Speech & Hearing Clinic", "address": "1459, HBC,Sector-14,, Sonipat", "state": "Haryana", "country": "IN", "postalCode": "131001", "contactPhone": "919896242766"},
{"name": "Jai Shree Ram Speech & Hearing", "address": "Sco. 91, 1st floor (A Block),Behind bikaner sweets, Sector 17, Sonipat", "state": "Haryana", "country": "IN", "postalCode": "131001", "contactPhone": "919034841996"},
{"name": "Roshini Speech & Hearing Clinic", "address": "Narendra c/o DR. Sandeep yadav ENT Hospital,Col Maha Singh, Opposite New Tehsil, REWARI", "state": "Haryana", "country": "IN", "postalCode": "123401", "contactPhone": "919991135063"},
{"name": "Times Health Care", "address": "Near Apple Valley Resorts Mohal Bhunter, Kullu", "state": "Himachal Pradesh", "country": "IN", "postalCode": "175126", "contactPhone": "9216294068"},
{"name": "Times Health Care", "address": "Near Lok Mitra Kendra Chachian (Nagri), Palampur", "state": "Himachal Pradesh", "country": "IN", "postalCode": "176059", "contactPhone": "9216294068"},
{"name": "Times Health Care", "address": "Below Pnb, Piru Singh Chowk, Yol Cantt", "state": "Himachal Pradesh", "country": "IN", "postalCode": "176052", "contactPhone": "9216294068"},
{"name": "Ashoka Medical Devices Co.", "address": "Tanda,Main Gala,Dr R.P. Govt Medical College, Kangra", "state": "Himachal Pradesh", "country": "IN", "postalCode": "176001", "contactPhone": "919805598947"},
{"name": "Aya Singh & Sons", "address": "Phase I, The Ridge, Below India Gandhi Statue,Shop no - 11 & 12,Palama Dev Kammercial Complex, Shimla", "state": "Himachal Pradesh", "country": "IN", "postalCode": "171001", "contactPhone": "919816053347"},
{"name": "Times Health Care", "address": "Opp. Icici Bank Hamirpur Road Near Nanda Hospital, Una", "state": "Himachal Pradesh", "country": "IN", "postalCode": "174303", "contactPhone": "9216294068"},
{"name": "Paul Speech and Hearing Centre", "address": "Near Kali Mandir,Church Road,PAUL OPTICIAN,, Ranchi", "state": "Jharkhand", "country": "IN", "postalCode": "834001", "contactPhone": "919570084999"},
{"name": "Vishal Speech And Hearing Clinic", "address": "Shristi Complex 1 Hb Road, Ranchi, Opposite Santevita Hospital, Ranchi", "state": "Jharkhand", "country": "IN", "postalCode": "834001", "contactPhone": "7004417335"},
{"name": "Speech and hearing centre Ranchi", "address": "Shop No 118, Shrilok Complex, H B Road, H B Road New, , Ranchi, Jharkhand - 834001, India, Ranchi", "state": "Jharkhand", "country": "IN", "postalCode": "834001", "contactPhone": "9304724887"},
{"name": "Speech & Hearing Centre (Ranchi)", "address": "Mr Vivek K R Mohan  Shop No118 Shrilok Complex 1st Floor,HBRoad, Ranchi", "state": "Jharkhand", "country": "IN", "postalCode": "834001", "contactPhone": "919966354432"},
{"name": "Ranchi Hearing Centre", "address": "Opposit Ashok Nagar Road,Near Chatterjee Nursing Home,, Ranchi", "state": "Jharkhand", "country": "IN", "postalCode": "834002", "contactPhone": "918809420416"},
{"name": "Disha Hearing & Speech Therapy Clinic", "address": "Ranchi Nursing Hospital,Near Booty More, Ranchi", "state": "Jharkhand", "country": "IN", "postalCode": "834009", "contactPhone": "919835144595"},
{"name": "Rudra Speech & Hearing Centre", "address": "KP Complex,Hazaribag,, Jharkand", "state": "Jharkhand", "country": "IN", "postalCode": "825301", "contactPhone": "919955655365"},
{"name": "Shree Ganesh Speech & Hearing solutions", "address": "3rd main, P.J. Extension,#183/6, 1st Floor,Sri Lakshmi Nivasa, Davan", "state": "Karnataka", "country": "IN", "postalCode": "577002", "contactPhone": "919901330088"},
{"name": "City Hearing Aids", "address": "C/O Chethan Health Centre, 1st Floor, Dr.Nirmala Kesari Building 3rd Main JP Extension, Davangere", "state": "Karnataka", "country": "IN", "postalCode": "577002", "contactPhone": "9632455600"},
{"name": "Hearing Wellness Clinic", "address": "192/1 ,Near Pooja Hospital,3rd Main,9th Cross,PJ Extension,Davangere, Davangere", "state": "Karnataka", "country": "", "postalCode": "577002", "contactPhone": "9108697327"},
{"name": "Hearing Wellness Clinic", "address": "192/1 ,Near Pooja Hospital,3rd Main,9th Cross,PJ Extension,Davangere, Davangere", "state": "Karnataka", "country": "", "postalCode": "577002", "contactPhone": "9108697327"},
{"name": "Mukunda Hearing Aid Center", "address": "Maruthi Towers,, Shimoga", "state": "Karnataka", "country": "IN", "postalCode": "577201", "contactPhone": "919844439197"},
{"name": "Pragati Surgicals & Hearing Aid Centre", "address": "Cellur Shop no-1, Sri Manjunatha Arcade,L.L.R. Road,Near Ravi Polyclinic, Shimoga", "state": "Karnataka", "country": "IN", "postalCode": "577201", "contactPhone": "919379945377"},
{"name": "Shravya Speech & Hearing Centre", "address": "L.L.R Road,C/o R.C.R. Associates,Opp. To Priya Hospital, Shimoga", "state": "Karnataka", "country": "IN", "postalCode": "577201", "contactPhone": "919945197391"},
{"name": "Shivamogga Speech & Hearing Clinic", "address": "C-3, Pathna Arcade,Beside Naniappa Hospital,, Shivamogga", "state": "Karnataka", "country": "IN", "postalCode": "577201", "contactPhone": "919663431439"},
{"name": "Sumanth Enterprise", "address": "H190/1, P.J. Extension,Devangere, Shivamogga", "state": "Karnataka", "country": "IN", "postalCode": "577201", "contactPhone": "919353728325"},
{"name": "Sravana Hearing Aid Center", "address": "1st Floor, Arkis Arcade, Near Vivekananda Hospital, Thilaknagar,, Shimoga", "state": "Karnataka", "country": "IN", "postalCode": "577201", "contactPhone": "8182403084"},
{"name": "Tee Jay Speech and Hearing Centre", "address": "T.B. Junction, Near Hotel Aida, Kottayam,, Kottayam", "state": "Kerala", "country": "IN", "postalCode": "", "contactPhone": "4812568968"},
{"name": "Hear Care Hearing Aid & Speech Therapy Centre", "address": "MLT Building, Palace Road,South Chalakkudy, Chalakudy", "state": "Kerala", "country": "IN", "postalCode": "680307", "contactPhone": "9947793595"},
{"name": "Sense 3 ENT Clinic", "address": "Lucky Star Building,Near Ksrtc Bus Stand,, Thrissur", "state": "Kerala", "country": "IN", "postalCode": "680307", "contactPhone": "919744985327"},
{"name": "Adlux Medicity & Convention Centre Pvt Ltd", "address": "Apollo Adlux Hospital,Cable Junction,, Karukutty Village", "state": "Kerala", "country": "IN", "postalCode": "683576", "contactPhone": "918590072548"},
{"name": "Divine Audiology Clinic", "address": "Near ST George Basclica,Ernakulam KL,, Angamaly", "state": "Kerala", "country": "IN", "postalCode": "683572", "contactPhone": "919496030819"},
{"name": "Hear Clear Solution", "address": "J J Complex, XXI/371 (C6-B3),Near Municipal Bus Stand, Angamaly, ERNAKULAM", "state": "Kerala", "country": "IN", "postalCode": "683572", "contactPhone": "919847146989"},
{"name": "Nadham Audiology & Speech Therapy Clinic", "address": "Near CSB Bank,St. George Plaza Building, Gr fl, RN.688,Post off road, Kodakara", "state": "Kerala", "country": "IN", "postalCode": "680684", "contactPhone": "918592803548"},
{"name": "Medsound Hearing Aid & Speech Centre", "address": "17/149, 1st Floor, Thekkanth Tower.,KSEB Athani, Angamaly, ERNAKULAM", "state": "Kerala", "country": "IN", "postalCode": "683585", "contactPhone": "918547586413"},
{"name": "National Institute of Physical medicine & Rehabilitation", "address": "kallehumkara,Thrissur, Thrissur", "state": "Kerala", "country": "IN", "postalCode": "680683", "contactPhone": "919446389848"},
{"name": "Claritone Hearing Aid centre - Cochin", "address": "20/969, Ground Floor, Jalaliya Complex,Masjid Road, Aluva", "state": "Kerala", "country": "IN", "postalCode": "683101", "contactPhone": "9895284641,9895111911"},
{"name": "Premium Digital Hearing aid LLP", "address": "1st floor at A-42, Vardhman green park colony, Ashoka garden Bhopal, Bhopal", "state": "Madhya Pradesh", "country": "", "postalCode": "462023", "contactPhone": "8369991929"},
{"name": "Rakesh Optician", "address": "11-5,Medical Street,, Bhopal", "state": "Madhya Pradesh", "country": "IN", "postalCode": "462001", "contactPhone": "919893664222"},
{"name": "Gogia Hearing Solutions", "address": "Shop No - 10,Dawa Bazar,Hamidia Road,, Bhopal", "state": "Madhya Pradesh", "country": "IN", "postalCode": "462001", "contactPhone": "919752654991"},
{"name": "Vardan Speech & Hearing Diagnostic Centre", "address": "40  Old M L A Quarter,Jawahar Chowk, Bhopal", "state": "Madhya Pradesh", "country": "IN", "postalCode": "462003", "contactPhone": "919826160303"},
{"name": "Suniye Speech & Hearing Centre", "address": "Anil Mudgal Arush 1,Near MPEB Office  Shivaji Nagar, Bhopal", "state": "Madhya Pradesh", "country": "IN", "postalCode": "462016", "contactPhone": "919329614922"},
{"name": "Umang Speech & Hearing Center", "address": "2nd floor bittan market,Mr Dharmendra Jha,S - 7 metro plaza, Bhopal", "state": "Madhya Pradesh", "country": "IN", "postalCode": "462016", "contactPhone": "917554221596"},
{"name": "ear solutions", "address": "F-7, First Floor (FF-7), Plot No E-3/115, Vardhman Mall, Arera Colony, Bhopal, MP-462016, Bhopal", "state": "Madhya Pradesh", "country": "", "postalCode": "462016", "contactPhone": "9015116116"},
{"name": "MY EAR HEARING AND SPEECH CLINIC", "address": "SHOP NO. 17, GF, B-BLOCK, MANSAROVER COMPLEX, HABIBGANJ STATION ROAD, BHOPAL, BHOPAL", "state": "Madhya Pradesh", "country": "IN", "postalCode": "462016", "contactPhone": "8920540132"},
{"name": "My Ear", "address": "F-4, First Floor, HDB Arcade, Plot No.12,E8, Near Dhakad Medical Store, Bhopal", "state": "Madhya Pradesh", "country": "IN", "postalCode": "462039", "contactPhone": "917553584690"},
{"name": "Nongthang Speech and hearing centre", "address": "police station, near Singjamei, Lilando Lampak, Imphal, Manipur 795008, Imphal", "state": "Manipur", "country": "", "postalCode": "795008", "contactPhone": "7739844225"},
{"name": "ear solutions", "address": "Patta No 926/1520 (New), C.S. DAG No 1743/1777, Book-tou building, First Floor, adjacent to Mangal hospital, Minuthong Kabow Leikai, opposite Kekrupat, Imphal East - 795001, Imphal", "state": "Manipur", "country": "", "postalCode": "795001", "contactPhone": "9015116116"},
{"name": "Shivsai Speech & Hearing Centre", "address": "Nagamapal,Imphal (West), Manipur", "state": "Manipur", "country": "IN", "postalCode": "795001", "contactPhone": "919856109622"},
{"name": "Nawka Hearing Aid Center", "address": "1St Floor, Nagamapal Main Road, Phougeishangbam Leikai, Near Community Hall, Beside First Flight Courier, Imphal", "state": "Manipur", "country": "IN", "postalCode": "795001", "contactPhone": "6000954159"},
{"name": "EMA Hearing and Speech Therapy Clinic", "address": ",Uripok Bachaspati Leikai, Imphal,, Imphal", "state": "Manipur", "country": "IN", "postalCode": "795008", "contactPhone": "919862244519"},
{"name": "Hearing Care Clinic", "address": "Upper New Nongstoin,3, Opposite Mawkyrwat Bus Stand, Nongstoin", "state": "Meghalaya", "country": "IN", "postalCode": "793119", "contactPhone": "917005895694"},
{"name": "Nongspung Services", "address": "Amjad Ali Road,Ward No - 24, Holding No - 76, Laban, Shillong", "state": "Meghalaya", "country": "IN", "postalCode": "793004", "contactPhone": "918974055202"},
{"name": "Bethany Hospital", "address": " Nongrim Hills, Shillong, Meghalaya 793003, Shillong", "state": "Meghalaya", "country": "", "postalCode": "793003", "contactPhone": "9774850073"},
{"name": "Hearing and speech Ephphtha clinic", "address": "ABOVE CONVENIENCE STORE WAHINGDOH, MAIN, ROAD, near RI KHASI PRESS, Shillong, Meghalaya 793001, Shillong", "state": "Meghalaya", "country": "", "postalCode": "793001", "contactPhone": "8575678035"},
{"name": "ADVANCED DIAGNOSTICS RESEARCH CENTRE", "address": "4 JB , Lantt, Shillong", "state": "Meghalaya", "country": "IN", "postalCode": "793001", "contactPhone": "919436105780"},
{"name": "Bethany Hospital", "address": "C/O  Sukanta Chalraborty,Shillong,, Shillong", "state": "Meghalaya", "country": "IN", "postalCode": "793003", "contactPhone": "919774850073"},
{"name": "Nawka Hearing Aid Center", "address": "1St Floor, Beside Meghalaya Cooporerative Bank, Opp Kids Ark, Nongkyrinh, Laitmukhra Police Point, Shilong", "state": "Meghalaya", "country": "IN", "postalCode": "793003", "contactPhone": "9864888080"},
{"name": "Speech & Hearing Health Carecum Rehab Centre", "address": "Co Mr M M Sawian,Nongkynrih   Laitumkrah, Shillong", "state": "Meghalaya", "country": "IN", "postalCode": "793003", "contactPhone": "919856041480"},
{"name": "Mrs Collette W Nongseij", "address": "Co Mr MMSawian,Nongkynrih Laitunrih, Shillong", "state": "Meghalaya", "country": "IN", "postalCode": "793003", "contactPhone": "919774001331"},
{"name": "Comfort Hearing Clinic", "address": ",House no 07 Bakrapara,Pilingkata Road, GUWAHATI", "state": "Meghalaya", "country": "IN", "postalCode": "781029", "contactPhone": "919508107934"},
{"name": "CAREAIZWAL", "address": "Dawarpui, opp Millenium Center, Aizwal", "state": "Mizoram", "country": "IN", "postalCode": "796001", "contactPhone": "8415927665"},
{"name": "Redeem (RD) Speech & Hearing Clinic", "address": "U-9, Above Gilead Pharmacy,Hospital Road. Upper Bazar, Dawrpui, Azawl, Aizawl", "state": "Mizoram", "country": "IN", "postalCode": "796001", "contactPhone": "919862580177"},
{"name": "A+ Speech and Hearing Clinic", "address": "C/O: Mrs. Lalenkawli,3rd Floor, Lower Zarkawt,, Aizawl", "state": "Mizoram", "country": "IN", "postalCode": "796001", "contactPhone": "919933233797"},
{"name": "Millennium Hearing Centre", "address": "D4, 3rd Floor,Aizawl,, Aizawl", "state": "Mizoram", "country": "IN", "postalCode": "796001", "contactPhone": "919862580344"},
{"name": "Mary Vanlalawmi", "address": "RAMHLUN, NEAR PWD OFFICE, Aizawl", "state": "Mizoram", "country": "IN", "postalCode": "796012", "contactPhone": "919862736720"},
{"name": "Speech and Hearing Centre", "address": "Near Medicine House,  Jorhat, Jorhat", "state": "Nagaland", "country": "IN", "postalCode": "785001", "contactPhone": "919435196442"},
{"name": "Auro Care Speech & Hearing Clinic", "address": "Dakhinnkali Road, Near Satsang Kendra, Dhenkanal", "state": "Odisha", "country": "IN", "postalCode": "759001", "contactPhone": "9437188011"},
{"name": "Auro Care Speech & Hearing Clinic", "address": "Dakhinakali Road,, Dhenkanal", "state": "Odisha", "country": "IN", "postalCode": "759001", "contactPhone": "919437188011"},
{"name": "Meenakshi Speech and Hearing Clinic Pvt. Ltd.", "address": "123, Lajpat nagar, Opp. Imperial Hotel, Pakhowal Road,, Ludhiana", "state": "Punjab", "country": "IN", "postalCode": "", "contactPhone": "1614567123"},
{"name": "Parminder singh & sons(huf)", "address": "A-1,, Ludhiana", "state": "Punjab", "country": "IN", "postalCode": "141002", "contactPhone": "919855556734"},
{"name": "Anand Hearing Care Pvt Ltd.", "address": "265-A, Lajpat Nagar, Guru Nanak Mission Chowk,\nOpposite Guru Nanak Mission Hospital, Jalandhar", "state": "Punjab", "country": "IN", "postalCode": "141001", "contactPhone": "8288011404"},
{"name": "Anand Hearing Care", "address": "(Next to the Reliance),120, Green Park, Adjacent to Dandi Swami Temple, Ludhiana", "state": "Punjab", "country": "IN", "postalCode": "141001", "contactPhone": "919811227492"},
{"name": "Anand Hearing Care Pvt Ltd.", "address": "Anand Hearing Care, c/o Sibia Medical Centre, Basement, Cemetary Road,\nNear Petrol Pump, Civil Lines,, Ludhiana", "state": "Punjab", "country": "IN", "postalCode": "141001", "contactPhone": "8288011405"},
{"name": "Marc Hearing Centre", "address": "Dandi Swami Road Opp. Bawa Hospital , Civil Lines, Ludhiana", "state": "Punjab", "country": "IN", "postalCode": "141001", "contactPhone": "1614631786"},
{"name": "Jassal Hearing Aid Centre", "address": "A-I,Near new Krishna Mandir,, Ludhiyana", "state": "Punjab", "country": "IN", "postalCode": "141003", "contactPhone": "918855556734"},
{"name": "sound for life", "address": "518 R Model Town, Above Axis Bank, Near Dyalpur Sweets Road, Ludhiana, Punjab", "state": "Punjab", "country": "", "postalCode": "141002", "contactPhone": "0161- 4064222"},
{"name": "Simran Speech & Hearing Clinic", "address": "OPPOSITE KOCHAR MARKET POLICE STATION, Ludhiana", "state": "Punjab", "country": "IN", "postalCode": "141002", "contactPhone": "918968682515"},
{"name": "Skyrise Healthcare Pvt Ltd", "address": "C/O Sri Surish kumar Poddar,Saharsa,, Ludhiana", "state": "Punjab", "country": "IN", "postalCode": "141003", "contactPhone": "918294502854"},
{"name": "Speech and Hearing care clinic (Firoz Khan)", "address": "417, 4th Floor, Akshat Retreat, SMS Hospital, Gate no.1 (Emergency), Jaipur, Jaipur", "state": "Rajasthan", "country": "IN", "postalCode": "302001", "contactPhone": "7597207989"},
{"name": "Jaipur Speech and Hearing Center", "address": "1st Floor, Opposite SMS Hospital, Above sharma medical, Deewan ji ki Nasiya, Jaipur, Jaipur", "state": "Rajasthan", "country": "IN", "postalCode": "302001", "contactPhone": "9829783780"},
{"name": "Samtronics", "address": "37, Bhavani Singh Road, Sudarshan Enclave, Behind Sahakar Bhavan,, Jaipur", "state": "Rajasthan", "country": "IN", "postalCode": "302001", "contactPhone": "0141 2740155"},
{"name": "Samtronics", "address": "Jaipur,37, Sudarshan Enclave,Behind Sehkar Bhavan, Jaipur", "state": "Rajasthan", "country": "IN", "postalCode": "302001", "contactPhone": "919928633399"},
{"name": "Jaipur Speech & Hearing Center (Kamlesh)- New", "address": "1st. Floor,Above Sharma Medical,Deewan Ji Ki Nasiya,, Jaipur", "state": "Rajasthan", "country": "IN", "postalCode": "302001", "contactPhone": "919829783780"},
{"name": "Advance Ear Mould Lab", "address": "37 Behind Sahakar Bhavan,Jaipur,, Jaipur", "state": "Rajasthan", "country": "IN", "postalCode": "302001", "contactPhone": "919928633399"},
{"name": "Sai Speech & Hearing", "address": "Akshat Retreat,Opp. SMS Hospital, Jaipur", "state": "Rajasthan", "country": "IN", "postalCode": "302001", "contactPhone": "919460229264"},
{"name": "Ear Buddy Hearing Pvt Ltd.", "address": "F10, 1st Floor,  C-Schemt, Jaipur", "state": "Rajasthan", "country": "IN", "postalCode": "302001", "contactPhone": "919828214441"},
{"name": "Ajmer Rehabilitation Centre", "address": "H/No-9, Near MPS school, Alakhanda colony, Ajmer, Ajmer", "state": "Rajasthan", "country": "", "postalCode": "305004", "contactPhone": "9672992817"},
{"name": "Garg Hearing Centre", "address": "101-M Square Building,Opp. Shantipura, AJMER", "state": "Rajasthan", "country": "IN", "postalCode": "305001", "contactPhone": "919672982691"},
{"name": "Randhir Kumar", "address": "Central Referral Hospital,5th Mile Tadong, Gangtok", "state": "Sikkim", "country": "IN", "postalCode": "737102", "contactPhone": "918427992662"},
{"name": "Surgichem Hearing Solutions", "address": "Opp Punjab National Bank,Sevoke Road,, Siliguri", "state": "Sikkim", "country": "IN", "postalCode": "734001", "contactPhone": "919733199170"},
{"name": "SILIGURI SPEECH & HEARING CLINIC PRIVATE LIMITED", "address": "2, Rashbihari Sarani, Hakimpara,Near Children’s Park, Opp. BBS Mediscanner,Dist. Darjeeling, Darjeeling", "state": "Sikkim", "country": "IN", "postalCode": "734001", "contactPhone": "919332798592"},
{"name": "Dhwani Hearing & Speech Clinic", "address": "PBR Tower, 2nd Floor,Near Check Post, Siliguri", "state": "Sikkim", "country": "IN", "postalCode": "734001", "contactPhone": "919800169057"},
{"name": "Siliguri Speech & Hearing Clinic", "address": "RB Apartment,1st Floor,Sarkar Para, 2nd Mile, Sevoke Road, Siliguri", "state": "Sikkim", "country": "IN", "postalCode": "734001", "contactPhone": "7364079526"},
{"name": "Karur Speech & Hearing Clinic", "address": "X35F+F36, Gowripuram W St, Near Ammaiyappa Hospital, Gowripuram, Karur, Tamil Nadu 639001, Karur", "state": "Tamil Nadu", "country": "", "postalCode": "639001", "contactPhone": "8056978973"},
{"name": "Little Bloom Hearing Aids & Speech Therapy Centre", "address": "No:8, Narasimapuram,,No:8, Narasimapuram,,Near Ananya Ortho care, Karur", "state": "Tamil Nadu", "country": "IN", "postalCode": "639001", "contactPhone": "8870422499"},
{"name": "Hearing Aid Centre", "address": "TANISH Complex 11th ‘C’ Cross West, Thillai Nagar, Trichy, Tamilnadu – 620 017., Trichy", "state": "Tamil Nadu", "country": "", "postalCode": "620017", "contactPhone": "7305062461"},
{"name": "MRM AUDIOLOGY CENTER", "address": "#48, DR  T.V.R APPARTMENT,PUTHUR HIGH ROAD, PUTHUR,, TIRUCHIRAPPALLI", "state": "Tamil Nadu", "country": "IN", "postalCode": "620017", "contactPhone": "919585500626"},
{"name": "RADHIKA HEARING AID", "address": "NO: 12,Pudur 4 Road Signal,, Trichy", "state": "Tamil Nadu", "country": "IN", "postalCode": "620017", "contactPhone": "919786072962"},
{"name": "Rejoice Hearing Center", "address": "22/c, 3rd Street,, Ti Chy", "state": "Tamil Nadu", "country": "IN", "postalCode": "620001", "contactPhone": "916383368124"},
{"name": "Trichy Super Hearing", "address": "Ms Syed Halim C95 Nachimmal Complex  1st Floor,Thillai Nagar, Trichy", "state": "Tamil Nadu", "country": "IN", "postalCode": "620018", "contactPhone": "919443954412"},
{"name": "RAPHA CARE CLINIC TRICHY", "address": "C-178, 10th Cross St,, TIRUCHIRAPPALLI", "state": "Tamil Nadu", "country": "IN", "postalCode": "620018", "contactPhone": "919488052315"},
{"name": "Aideo Hearing", "address": "D 41, Ground Floor,Next to Vijaya Hospital,, Trichy", "state": "Tamil Nadu", "country": "IN", "postalCode": "620018", "contactPhone": "919946717442"},
{"name": "HEARINGG CLINIC - TRICHY", "address": "No:C46, First Floor,No:C46, First Floor,,Near Siddhi Vinayakar Temple,, Trichy", "state": "Tamil Nadu", "country": "IN", "postalCode": "620018", "contactPhone": "9946717442"},
{"name": "Deep Speech & Hearing Clinic", "address": "Pratiksha Appartment,Behind Governor House,, Agartala", "state": "Tripura", "country": "IN", "postalCode": "799005", "contactPhone": "919436125314"},
{"name": "Anushravani Speech and hearing", "address": "RMS Chowmuhani, Krishna Nagar, Agartala, Tripura 799001, Agartala", "state": "Tripura", "country": "", "postalCode": "799001", "contactPhone": "8729870773"},
{"name": "Care Speech & Hearing Clinic -Dinesh", "address": "1st lane near to veena medicare, Hanamkonda,H no 6-2-101,Deepak  shodan apartment beside Varma chest clinic kakaj colony, Warangal", "state": "Telangana", "country": "IN", "postalCode": "506001", "contactPhone": "919676391039"},
{"name": "Icon Multi Rehabilitation Centre", "address": "Beside Nehru Statue,CVRN Road, Karimnagar,, Karimnagar", "state": "Telangana", "country": "IN", "postalCode": "505002", "contactPhone": "919392233123"},
{"name": "Dhvani speech and hearing Care", "address": "Prajay Apartment Block No 6,Lake adjacent to Srikara hospital. Kompally, Hyderbad", "state": "Telangana", "country": "IN", "postalCode": "500014", "contactPhone": "917893922112"},
{"name": "Elite Speech And Hearing Clinic", "address": "Flat No. 167. Bhatiyar Plaza, Mahesh Nagar, Beside Dolphin Curry Point. Radhika Theatre Line. A.S. Rao Nagar, Hyderabad", "state": "Telangana", "country": "IN", "postalCode": "500062", "contactPhone": "8074825800"},
{"name": "Hear N Say Clinic", "address": "Second Floor, Sreeja Classic, Above Kotak Mahendra Bank, Anupuram Road, Near Radhika Theatre, A. S. Rao Nagar, Hyderabad", "state": "Telangana", "country": "IN", "postalCode": "500062", "contactPhone": "9391858082"},
{"name": "Elite Speech & Hearing Clinic", "address": "Flat no-167,Radhika Theater Line, ECIL, HYDERABAD", "state": "Telangana", "country": "IN", "postalCode": "500062", "contactPhone": "918074825800"},
{"name": "Raghavendra Speech & hearing Center", "address": "Below Arogya Dhanwaniri Medicals,Opp Dr AS Rao Nagar Bustop, HYDERABAD", "state": "Telangana", "country": "IN", "postalCode": "500062", "contactPhone": "918106409512"},
{"name": "Hear And Speak Clinic", "address": "H.no.1-1-261/50,Dr A S Rao Nagar, Kapra,, HYDERABAD", "state": "Telangana", "country": "IN", "postalCode": "500062", "contactPhone": "919581482324"},
{"name": "Raj Sri Enterprises", "address": "H.no : 44-376/3,Tirumala Nagar st#2,, Moulali", "state": "Telangana", "country": "IN", "postalCode": "500040", "contactPhone": "919493430340"},
{"name": "Star Speech and Hearing Clinic", "address": "D. No.4-7, 40/2/2, Opp. HDFC Bank,Beside HMT Nagar Bajaj Electronics, Nacharam main road, Hyderabad,, Hyderabad", "state": "Telangana", "country": "IN", "postalCode": "500077", "contactPhone": "8121202170/9121182855"},
{"name": "Surnayak Speech and hearing Clinic", "address": "10/36, Vikas Nagar, Sitapur Ring road, behind Mahendra agency, Lucknow, Lucknow", "state": "Uttar Pradesh", "country": "", "postalCode": "226022", "contactPhone": "8174084255"},
{"name": "Surnayak Speech & Hearing Clinic", "address": "10/36, Vikas Nagar,Behid Mahendra Agency,, Luckow", "state": "Uttar Pradesh", "country": "IN", "postalCode": "226022", "contactPhone": "918174084255"},
{"name": "Ruchir Bhatnagar", "address": "UGF 6, Ansal City Centre, Behind Tulsi Theatre, Hazrat Ganj,, Lucknow", "state": "Uttar Pradesh", "country": "IN", "postalCode": "226020", "contactPhone": "9839091295"},
{"name": "Hearing Healthcare Clinic", "address": "B-17, Dandaiya market road, near kendriya bhawan, Sec G, Purania Aliganj, Lucknow, Lucknow", "state": "Uttar Pradesh", "country": "", "postalCode": "226024", "contactPhone": "8824355355"},
{"name": "APEX ENT AND HEAD NECK SUPER SPECIALITY CENTRE,", "address": "Gopal Tower, Kamta Tiraha,Lucknow-Faizabad Road, Lucknow", "state": "Uttar Pradesh", "country": "IN", "postalCode": "226016", "contactPhone": "7406534170"},
{"name": "The Nurture Clinic", "address": "Opp Charan's Guest house,C 205, Behind Patel Park,8 no. Chauraha, Nirala Nagar, Lucknow", "state": "Uttar Pradesh", "country": "IN", "postalCode": "226020", "contactPhone": "918090275000"},
{"name": "Prayas Hearing Aid Center", "address": "Shop no - 1,Indira Nagar,, Lucknow", "state": "Uttar Pradesh", "country": "IN", "postalCode": "226016", "contactPhone": "919935150909"},
{"name": "Shrawan Hearing Aid", "address": "356/340/1316, Ashok Vihar,Overbridge,, Lucknow", "state": "Uttar Pradesh", "country": "IN", "postalCode": "226017", "contactPhone": "919918016800"},
{"name": "Comfort Hearing", "address": "C-2252, Indra nagar, C- block, Lucknow, Lucknow", "state": "Uttar Pradesh", "country": "", "postalCode": "226016", "contactPhone": "9810083366"},
{"name": "Comfort Hearing", "address": "C-2252,C-Block, Lucknow", "state": "Uttar Pradesh", "country": "IN", "postalCode": "226016", "contactPhone": "919810083366"},
{"name": "Shri Sai Eye Care & Speech Therapy Centre", "address": "38/42,Dehradun Road,, Rishikesh", "state": "Uttarakhand", "country": "IN", "postalCode": "249201", "contactPhone": "919456168120"},
{"name": "Radhe Krishna Speech & Hearing Aid Center", "address": "Shop No 27, Vaishno Plaza Complex Haridwar Road, Rishikesh", "state": "Uttarakhand", "country": "IN", "postalCode": "249201", "contactPhone": "8899990095"},
{"name": "Radhe Krishna Speech & Hearing Aid Center", "address": "Shop no 59,Haridwar Road,, Rishikesh", "state": "Uttarakhand", "country": "IN", "postalCode": "249201", "contactPhone": "918899990095"},
{"name": "Gargi Speech Therapy Hearing Aid", "address": "aryanagar , kankhal road, Haridwar", "state": "Uttarakhand", "country": "IN", "postalCode": "249408", "contactPhone": "7500959733"},
{"name": "Naaraayan – Centre of speciality care for Hearing & Speech", "address": "Duplex No 33, 1st Floor,In Front of DAV Public School, Kathgodam", "state": "Uttarakhand", "country": "IN", "postalCode": "263126", "contactPhone": "919668795216"},
{"name": "Gargi Speech Therapy Hearing Aid & Counseling centre", "address": "Aryanagar Kankhal Road,Haridwar,, Uttarakhand", "state": "Uttarakhand", "country": "IN", "postalCode": "249407", "contactPhone": "917500959733"},
{"name": "Bardhaman Speech And Hearing Clinic", "address": "2, Khosbagan Main Rd, Khosbagan, Bardhman", "state": "West Bengal", "country": "IN", "postalCode": "713104", "contactPhone": "7548033834"},
{"name": "Bardhaman Speech & Hearing Centre", "address": "99/1, Nivadita pally,Po- Sripally, Burdwan, Dist - Purba, Bardhaman", "state": "West Bengal", "country": "IN", "postalCode": "713103", "contactPhone": "918927820926"},
{"name": "Swaroop Patra", "address": "Co Health Care Diagnostics,Near Hariseva Girls School Kosh Bagan, Burdwan", "state": "West Bengal", "country": "IN", "postalCode": "713103", "contactPhone": "919434573880"},
{"name": "Sruti", "address": "64, Chand Mari Road,Bardhaman,, Kolkata", "state": "West Bengal", "country": "IN", "postalCode": "713101", "contactPhone": "919475220153"},
{"name": "Hearing Sensitivity - Tarakeshwar", "address": "Jaykrishna Bazar Rd, Tarakeshwar", "state": "West Bengal", "country": "IN", "postalCode": "712410", "contactPhone": "8967870884"},
{"name": "SANJONA HEARING AID CENTRE", "address": "Tarakeswar Thana,,Tarakeswar Thana,,Ananda Bazar, Hooghly, Tarakeswar", "state": "West Bengal", "country": "IN", "postalCode": "712410", "contactPhone": "9378286133"},
{"name": "Hearing Sensitivity - Tarakeswar", "address": "Rani Apartment,Tarakeswar, Hooghly", "state": "West Bengal", "country": "IN", "postalCode": "712410", "contactPhone": "918967870889"},
{"name": "Hearing Sensitivity", "address": "Hearing Sensitivity Centre,Khamarchandi  PO Haripal, Hoogly", "state": "West Bengal", "country": "IN", "postalCode": "712403", "contactPhone": "919007864021"},
{"name": "Hearing Sensitivity", "address": "C/O Jitendranath Choudhary, Vivekananda Pally, PO and Village Khamarchandi, Haripal,, Hooghly", "state": "West Bengal", "country": "IN", "postalCode": "712405", "contactPhone": "3324264901"},
{"name": "CHANDITALA SPEEC H AND HEARING CENTER", "address": "CHANDITALA, Hooghly", "state": "West Bengal", "country": "IN", "postalCode": "712702", "contactPhone": "918583014007"},
{"name": "Awaaz", "address": "CMC Chhuttani Medical Centre Sco 52  53  54,Sec 17C, Chandigarh", "state": "Chandigarh", "country": "IN", "postalCode": "160017", "contactPhone": "918968045213"},
{"name": "Indian Audio Centre", "address": "GBO BOX 25 Sector 17C,Floor3 Cabin No3,SCO 7879 Above Old Punjab & Sind Bank, Chandigarh", "state": "Chandigarh", "country": "IN", "postalCode": "160017", "contactPhone": "919814203503"},
{"name": "Indian Audio Centre", "address": "SCO - 78/79, Cabin No. 3, 3rd Floor, Above Old Punjab and Sind Bank, GPO Box - 25, Sector 17C,, Chandigarh", "state": "Chandigarh", "country": "IN", "postalCode": "160017", "contactPhone": "1722714205"},
{"name": "ear solutions", "address": "103 B, SCO no. 1066-67 Sector 22-B, Chandigarh- 160022, Chandigarh", "state": "Chandigarh", "country": "", "postalCode": "160022", "contactPhone": "9015116116"},
{"name": "Echo Hearing Solutions", "address": "Sector-33D,SCO-21,Ground Floor, Chandigarh", "state": "Chandigarh", "country": "IN", "postalCode": "160020", "contactPhone": "919888040580"},
{"name": "Echo Hearing Solutions", "address": "F-4, SCO-22, 1st Floor, Sector - 33D, Near Oriental Bank of Commerce,, Chandigarh", "state": "Chandigarh", "country": "IN", "postalCode": "160020", "contactPhone": "1724640580"},
{"name": "Anand Hearing Care Pvt Ltd.", "address": "SCO-27, First Floor, above ASUS Showroom Sector 20D, Chandigarh", "state": "Chandigarh", "country": "IN", "postalCode": "160020", "contactPhone": "8288011401"},
{"name": "SFL Hearing Solutions Pvt Ltd", "address": "A-82, 1st Floor,Block A,,Sector 57,, Chandigadh", "state": "Chandigarh", "country": "IN", "postalCode": "160020", "contactPhone": "918448369930"},
{"name": "Electrotech Corporation", "address": "SCO-28, 1st floor,Sector-20D, Chandigarh", "state": "Chandigarh", "country": "IN", "postalCode": "160020", "contactPhone": "919814096830"},
{"name": "Times Health CareSs", "address": "SCO 19,Sector 20-D, Chandigarh", "state": "Chandigarh", "country": "IN", "postalCode": "160020", "contactPhone": "919216130360"},
{"name": "V Care Hearing & Speech Centre", "address": "97, Pocket -40,Chittaranjan Park, Near Arya Samaj Mandir, Delhi", "state": "Delhi", "country": "IN", "postalCode": "", "contactPhone": "9354021121"},
{"name": "Siddhivinayak Speech and Hearing Clinic", "address": "Shop No - 1,  Mangaltirth Apartment,MCF Club, New Delhi", "state": "Delhi", "country": "IN", "postalCode": "110060", "contactPhone": "917666443678"},
{"name": "Hearing Expert Center", "address": "6/88, Basement,Main Shnkar Road,, New Delhi", "state": "Delhi", "country": "IN", "postalCode": "110060", "contactPhone": "919873590259"},
{"name": "sound for life", "address": "6/88, Basement. Old Rajinder Nagar Land Mark Shankar Road Market., New Delhi", "state": "Delhi", "country": "", "postalCode": "110060", "contactPhone": "011-40349644"},
{"name": "Bhavneet Singh Vohra & Co", "address": "Balraj Khanna,New Delhi, New Delhi", "state": "Delhi", "country": "IN", "postalCode": "110008", "contactPhone": "919810321319"},
{"name": "ACME Hearing Instruments Pvt Ltd", "address": "15/76, 1st Floor,Delhi, Delhi", "state": "Delhi", "country": "IN", "postalCode": "110060", "contactPhone": "919313826947"},
{"name": "Delite Hearing Acentre", "address": "Sir Ganga Ram Hospital Road,Dilhi,1/33, Ground Floor, New Delhi", "state": "Delhi", "country": "IN", "postalCode": "110060", "contactPhone": "8860901632"},
{"name": "President Opticals", "address": "X19,West Patel Nagar Market, New Delhi", "state": "Delhi", "country": "IN", "postalCode": "110008", "contactPhone": "919810321319"},
{"name": "OPTIKOVINOD MALIK", "address": "Adjoining Bikanerwala Karol Bagh,Sight Testing Optician  1018182 Chowk,Gurudwara Road, New Delhi", "state": "Delhi", "country": "IN", "postalCode": "110005", "contactPhone": "919811056480"},
{"name": "Rachit Hearing Aids Center", "address": "New Delhi,26/90 - 1st Floor,West patel Nagar, New Delhi", "state": "Delhi", "country": "IN", "postalCode": "110008", "contactPhone": "919312312234"},
{"name": "VIBHAS SPEECH & HEARING SOLUTIONS", "address": "No.#25 , PK salai (JJ healthcare) opp mano residency ,karaikal - 2, karaikal, India,, Karaikal", "state": "Puducherry", "country": "", "postalCode": "609602", "contactPhone": "9894918858"},
{"name": "VIBHAS SPEECH & HEARING SOLUTIONS", "address": "25, P.K SALAI,NEAR NEW BUS STAND,, KARAIKAL", "state": "Puducherry", "country": "IN", "postalCode": "609602", "contactPhone": "919894918858"},
{"name": "SATISH HEARING AID CENTRE", "address": "210, JOHN SELVARAJ NAGAR,NEAR NEW BUS STAND, THANJAVUR", "state": "Puducherry", "country": "IN", "postalCode": "612001", "contactPhone": "917259888133"},
{"name": "Clarity Hearcare", "address": "12, Shop 10, Holy Angels Shopping Complex,Lalkhan Lane, (Kaliya Street), opp Hanumar Loil Kulam, Kumbakonam", "state": "Puducherry", "country": "IN", "postalCode": "612001", "contactPhone": "918778399369"},
{"name": "DIGITAL HEARING CARE CENTRE", "address": "SALEEM HOUSE ,Opp - Barinika Theater,, Kumbakonam", "state": "Puducherry", "country": "IN", "postalCode": "612001", "contactPhone": "919003868848"},
{"name": "NEO LIFE SPEECH AND HEARING CLINIC", "address": "MANAGALAPURAM,,NO:106 B, 2ND STREET,,RACE BUILDING,MEDICAL COLLEGE ROAD,, THANJAVUR", "state": "Puducherry", "country": "IN", "postalCode": "613007", "contactPhone": "919940657016"},
{"name": "Arun Hearing Aid Centre", "address": "No:63, V.O.C Nagar, Trichy Main Road, Ramanathan Hospital Bus Stop, Thanjavur", "state": "Puducherry", "country": "IN", "postalCode": "613007", "contactPhone": "8012570700"},
{"name": "Arun Hearing Aid Centre", "address": "NO:63, V.O.C NAGAR,RAMANATHAN HOSPITAL STOP,, NEAR AXIS BANK, THANJAVUR", "state": "Puducherry", "country": "IN", "postalCode": "613007", "contactPhone": "919443243171"},
{"name": "RAY HEARING CENTER", "address": "Thanjavur,Plot No- 80, 6th Cross,Natarajapuram South, Tamilnadu", "state": "Puducherry", "country": "IN", "postalCode": "613007", "contactPhone": "918870098604"},
{"name": "Hearing Aid Centre", "address": "Shop No 11, Kamalasubramaniam Arcade-basement,2851/35, Trichy Road, Petha Perumal Colony, Thanjavur 613007 , India, Tamil Nadu, Thanjavur", "state": "Puducherry", "country": "", "postalCode": "613007", "contactPhone": "4362459394"}
]